,gosvon_bot,is_friend,verified,avg_pos_sent,avg_neg_sent,avg_sent,cluster,degree_centrality,eigenvector_centrality,clustering_coefficient
count,61287.0,61287.0,61287.0,61287.0,61287.0,61287.0,61287.0,61287.0,61287.0,61287.0
mean,0.0,0.002855417951604745,0.000571083590320949,1.2411342778239114,-1.1453453932390472,0.04789444229243195,575.512425147258,8.85974549564974e-05,0.00032044716526964906,0.06734339455349421
std,0.0,0.05336020051097789,0.023890725540868057,0.5492060915712231,0.5557970523881567,0.3197312264971759,1284.597827178512,0.00030122375901008616,0.0021867757553003034,0.18032446942450878
min,0.0,0.0,0.0,0.0,-5.0,-2.0,0.0,1.3651504395784416e-05,3.257031248051881e-31,0.0
25%,0.0,0.0,0.0,1.0,-1.206896551724138,0.0,10.0,1.3651504395784416e-05,1.25441414048222e-09,0.0
50%,0.0,0.0,0.0,1.0,-1.0,0.0,21.0,2.730300879156883e-05,1.260619472890266e-06,0.0
75%,0.0,0.0,0.0,1.5,-1.0,0.125,87.0,5.460601758313766e-05,3.3809906687116765e-05,0.0123115
max,0.0,1.0,1.0,5.0,0.0,2.0,5487.0,0.00936493201550811,0.0636015668302735,1.0
