,degree_centrality,clustering_coefficient,avg_neg_sent,avg_pos_sent,avg_sent
count,986.0,986.0,986.0,986.0,986.0
mean,0.003434890497420744,0.4850704492900608,-1.1972725419517232,1.2164489156878098,0.00958818686804329
std,0.0040499590993394565,0.4847825330146555,0.5096665984115457,0.4662040492966377,0.19627643106742765
min,0.0010152284263959391,0.0,-5.0,0.0,-1.5
25%,0.0010152284263959391,0.0,-1.359432962374139,1.0893939393939394,-0.040251970136872664
50%,0.0020304568527918783,0.333333,-1.179940039973351,1.2224504701908154,0.0
75%,0.0040609137055837565,1.0,-1.0,1.4166666666666667,0.05711969339622641
max,0.025380710659898477,1.0,0.0,3.0,1.0
