,gosvon_bot,is_friend,verified,avg_pos_sent,avg_neg_sent,avg_sent,cluster,degree_centrality,eigenvector_centrality,clustering_coefficient
count,73253.0,73253.0,73253.0,73253.0,73253.0,73253.0,73253.0,73253.0,73253.0,73253.0
mean,0.0,0.002621053062673201,0.0004914474492512252,1.2485015446887218,-1.1465507551902097,0.05097539474925601,482.5538339726701,0.00010456717290042231,0.0005604408206870142,0.07300820762289598
std,0.0,0.05112943214087681,0.02216331731388025,0.5529088002222089,0.554035885952784,0.32044730088835927,1193.6890155665697,0.0003805222504383919,0.0036520413735933554,0.1845925092975625
min,0.0,0.0,0.0,0.0,-5.0,-2.0,0.0,1.3651504395784416e-05,3.257031248051881e-31,0.0
25%,0.0,0.0,0.0,1.0,-1.2142857142857142,0.0,8.0,1.3651504395784416e-05,9.054505789669089e-09,0.0
50%,0.0,0.0,0.0,1.0416666666666667,-1.0,0.0,21.0,2.730300879156883e-05,2.298574344940783e-06,0.0
75%,0.0,0.0,0.0,1.5,-1.0,0.14285714285714285,61.0,5.460601758313766e-05,6.640462128852231e-05,0.038462
max,0.0,1.0,1.0,5.0,0.0,2.0,5487.0,0.013583246873805493,0.09474373311014239,1.0
